id,nbr_children,career,shopping_price,cloths,underwear,sportswear,accessories
1,1.0,Data Coordiator,378.0,57,17,300,4
2,5.0,Sales Associate,553.0,248,40,245,20
3,2.0,Civil Engineer,290.0,102,19,152,17
4,2.0,Food Chemist,183.0,39,16,113,15
5,1.0,VP Product Management,322.0,32,45,233,12
6,1.0,Automation Specialist IV,332.0,69,44,202,17
7,1.0,Librarian,383.0,245,35,89,14
8,5.0,Health Coach IV,501.0,189,40,258,14
9,3.0,Budget/Accounting Analyst II,162.0,50,41,59,12
10,5.0,Database Administrator III,355.0,156,5,188,6
11,4.0,Research Assistant III,297.0,34,45,212,6
12,4.0,Developer III,335.0,173,47,98,17
13,5.0,Assistant Professor,302.0,31,20,232,19
14,2.0,Human Resources Manager,232.0,86,21,106,19
15,5.0,Programmer Analyst III,497.0,171,11,300,15
16,3.0,Associate Professor,525.0,222,27,273,3
17,1.0,Environmental Specialist,369.0,179,43,128,19
18,2.0,Mechanical Systems Engineer,417.0,197,31,177,12
19,4.0,Accounting Assistant II,281.0,43,29,194,15
20,0.0,Analog Circuit Design manager,501.0,216,22,244,19
21,1.0,Environmental Tech,425.0,136,24,250,15
22,5.0,VP Accounting,254.0,98,13,139,4
23,3.0,VP Accounting,314.0,166,44,92,12
24,3.0,Marketing Assistant,130.0,25,38,62,5
25,2.0,General Manager,336.0,25,12,287,12
26,5.0,Electrical Engineer,581.0,244,50,268,19
27,2.0,Teacher,138.0,35,43,57,3
28,5.0,Media Manager II,377.0,128,44,200,5
29,0.0,Internal Auditor,389.0,90,18,262,19
30,1.0,Programmer IV,462.0,114,41,297,10
31,0.0,Assistant Manager,285.0,47,13,210,15
32,1.0,Payment Adjustment Coordinator,288.0,55,25,198,10
33,5.0,Environmental Specialist,487.0,192,50,225,20
34,2.0,Compensation Analyst,535.0,194,50,288,3
35,3.0,Programmer Analyst I,480.0,139,23,300,18
36,4.0,Systems Administrator IV,302.0,173,12,110,7
37,1.0,Staff Accountant IV,141.0,45,43,45,8
38,0.0,Sales Representative,493.0,168,33,276,16
39,0.0,Registered Nurse,453.0,197,26,218,12
40,5.0,Structural Engineer,351.0,225,22,86,18
41,4.0,Biostatistician IV,396.0,70,26,290,10
42,5.0,Budget/Accounting Analyst IV,424.0,247,11,151,15
43,0.0,Compensation Analyst,412.0,242,10,145,15
44,2.0,Business Systems Development Analyst,359.0,228,22,99,10
45,4.0,Paralegal,360.0,22,47,286,5
46,3.0,Executive Secretary,416.0,82,35,280,19
47,3.0,Technical Writer,431.0,194,31,187,19
48,0.0,Editor,353.0,200,9,142,2
49,2.0,Electrical Engineer,292.0,147,23,102,20
50,1.0,Paralegal,297.0,41,46,199,11
51,0.0,Senior Financial Analyst,334.0,104,18,194,18
52,5.0,Information Systems Manager,449.0,188,25,231,5
53,1.0,Payment Adjustment Coordinator,488.0,195,13,278,2
54,1.0,GIS Technical Architect,226.0,58,49,104,15
55,1.0,Electrical Engineer,485.0,138,38,295,14
56,3.0,Software Engineer II,381.0,244,43,75,19
57,0.0,Senior Editor,366.0,202,19,136,9
58,4.0,Junior Executive,254.0,56,36,158,4
59,5.0,Tax Accountant,366.0,95,25,244,2
60,1.0,Staff Scientist,394.0,187,38,154,15
61,2.0,Statistician III,191.0,48,18,110,15
62,1.0,Assistant Manager,229.0,89,13,114,13
63,3.0,Database Administrator I,267.0,51,5,201,10
64,5.0,Engineer III,356.0,202,36,111,7
65,3.0,Account Executive,474.0,247,43,181,3
66,0.0,Web Designer II,278.0,138,24,101,15
67,1.0,Software Consultant,395.0,152,24,210,9
68,1.0,Occupational Therapist,368.0,178,8,166,16
69,5.0,Research Nurse,534.0,196,39,282,17
70,4.0,Compensation Analyst,379.0,170,26,164,19
71,5.0,Financial Advisor,356.0,63,11,277,5
72,4.0,Editor,328.0,232,31,51,14
73,1.0,Web Designer II,428.0,178,40,196,14
74,3.0,Health Coach II,502.0,223,41,231,7
75,5.0,Environmental Specialist,414.0,244,13,152,5
76,5.0,Web Designer III,470.0,131,40,291,8
77,2.0,Business Systems Development Analyst,211.0,53,32,108,18
78,4.0,Nurse Practicioner,305.0,216,38,49,2
79,4.0,Developer IV,233.0,119,24,70,20
80,4.0,Quality Engineer,366.0,238,8,108,12
81,2.0,Nurse,392.0,241,21,125,5
82,0.0,Staff Scientist,250.0,162,25,54,9
83,5.0,Geological Engineer,361.0,150,24,174,13
84,2.0,Account Executive,513.0,217,40,240,16
85,0.0,Quality Engineer,391.0,184,18,185,4
86,4.0,Automation Specialist III,448.0,240,22,184,2
87,0.0,Computer Systems Analyst I,320.0,140,41,127,12
88,1.0,Registered Nurse,125.0,30,43,46,6
89,3.0,Assistant Manager,305.0,127,43,124,11
90,3.0,Developer IV,224.0,64,31,122,7
91,5.0,Technical Writer,215.0,65,13,132,5
92,0.0,Programmer Analyst II,347.0,53,6,277,11
93,5.0,Web Developer I,373.0,40,30,287,16
94,2.0,Chief Design Engineer,422.0,85,31,299,7
95,2.0,Chemical Engineer,340.0,35,29,267,9
96,1.0,Information Systems Manager,317.0,101,39,158,19
97,4.0,Web Developer III,294.0,194,43,46,11
98,5.0,VP Sales,336.0,234,15,83,4
99,4.0,Community Outreach Specialist,538.0,204,27,292,15
100,5.0,Quality Control Specialist,375.0,149,19,196,11
101,3.0,Programmer III,399.0,146,6,243,4
102,1.0,Sales Representative,294.0,67,18,198,11
103,2.0,Electrical Engineer,284.0,117,22,128,17
104,0.0,Research Nurse,564.0,230,37,277,20
105,0.0,Financial Analyst,203.0,100,25,75,3
106,1.0,Environmental Specialist,301.0,121,25,152,3
107,0.0,Recruiting Manager,444.0,144,5,275,20
108,4.0,Account Representative IV,247.0,23,17,196,11
109,2.0,Internal Auditor,314.0,108,9,190,7
110,1.0,Administrative Officer,410.0,67,48,288,7
111,3.0,Staff Accountant IV,475.0,172,30,257,16
112,3.0,Technical Writer,280.0,124,10,135,11
113,0.0,Software Consultant,451.0,137,19,276,19
114,1.0,Recruiter,264.0,109,45,107,3
115,0.0,Web Designer II,537.0,248,33,247,9
116,4.0,Financial Advisor,511.0,171,43,277,20
117,0.0,Dental Hygienist,278.0,24,33,205,16
118,4.0,Professor,294.0,34,5,251,4
119,4.0,Senior Quality Engineer,304.0,127,34,129,14
120,1.0,Quality Control Specialist,336.0,160,18,144,14
121,2.0,Analyst Programmer,477.0,195,23,246,13
122,4.0,Structural Analysis Engineer,407.0,156,20,223,8
123,3.0,Nurse,398.0,42,42,296,18
124,0.0,Legal Assistant,344.0,179,25,128,12
125,1.0,Associate Professor,304.0,172,45,74,13
126,2.0,Product Engineer,525.0,181,46,292,6
127,4.0,VP Sales,330.0,223,33,70,4
128,5.0,Web Designer IV,344.0,203,33,106,2
129,4.0,Tax Accountant,200.0,105,6,70,19
130,1.0,Engineer I,312.0,20,29,245,18
131,2.0,Staff Scientist,212.0,98,11,92,11
132,0.0,Financial Advisor,535.0,232,13,275,15
133,5.0,Recruiting Manager,441.0,180,7,244,10
134,5.0,Health Coach I,247.0,128,48,65,6
135,2.0,Environmental Tech,447.0,165,31,248,3
136,5.0,Assistant Media Planner,327.0,33,28,254,12
137,1.0,Assistant Media Planner,353.0,192,17,127,17
138,2.0,Staff Scientist,310.0,134,18,154,4
139,0.0,Data Coordiator,483.0,195,19,265,4
140,2.0,Accounting Assistant I,484.0,208,16,241,19
141,4.0,Marketing Manager,343.0,215,10,101,17
142,1.0,Senior Sales Associate,200.0,75,22,95,8
143,1.0,Research Nurse,533.0,230,12,278,13
144,0.0,Statistician III,420.0,224,36,140,20
145,5.0,Staff Scientist,385.0,110,19,238,18
146,4.0,Financial Analyst,467.0,149,22,292,4
147,1.0,GIS Technical Architect,508.0,227,45,223,13
148,3.0,Biostatistician II,299.0,163,10,120,6
149,0.0,Assistant Media Planner,222.0,128,12,74,8
150,1.0,Budget/Accounting Analyst II,477.0,151,42,266,18
151,1.0,Clinical Specialist,317.0,72,26,200,19
152,5.0,Senior Sales Associate,391.0,74,27,279,11
153,3.0,VP Marketing,422.0,67,43,292,20
154,3.0,Actuary,196.0,48,12,133,3
155,1.0,Executive Secretary,454.0,223,34,192,5
156,3.0,Nurse,465.0,180,49,227,9
157,1.0,Biostatistician III,199.0,123,10,49,17
158,5.0,Programmer Analyst III,423.0,89,41,274,19
159,5.0,Social Worker,365.0,208,19,130,8
160,2.0,Legal Assistant,411.0,112,28,265,6
161,4.0,VP Product Management,285.0,30,21,224,10
162,1.0,Account Coordinator,383.0,65,8,300,10
163,4.0,Cost Accountant,339.0,77,39,204,19
164,0.0,Clinical Specialist,268.0,31,47,174,16
165,5.0,Executive Secretary,319.0,156,17,137,9
166,3.0,Technical Writer,263.0,123,41,82,17
167,2.0,Junior Executive,216.0,45,7,161,3
168,3.0,Associate Professor,398.0,82,30,272,14
169,0.0,Assistant Media Planner,191.0,101,7,63,20
170,3.0,Developer III,316.0,109,33,155,19
171,1.0,Account Executive,282.0,149,19,107,7
172,2.0,Tax Accountant,281.0,151,42,80,8
173,3.0,Actuary,321.0,187,26,96,12
174,0.0,Database Administrator II,372.0,108,36,218,10
175,4.0,Administrative Officer,350.0,31,35,280,4
176,4.0,Technical Writer,115.0,43,11,51,10
177,3.0,Graphic Designer,303.0,200,41,51,11
178,0.0,Marketing Assistant,470.0,178,22,255,15
179,2.0,Biostatistician I,333.0,23,26,267,17
180,5.0,Librarian,400.0,250,41,103,6
181,1.0,Payment Adjustment Coordinator,392.0,145,14,216,17
182,5.0,Marketing Assistant,246.0,120,13,108,5
183,5.0,Cost Accountant,412.0,85,48,276,3
184,5.0,Software Engineer II,344.0,208,43,75,18
185,1.0,Graphic Designer,466.0,236,50,172,8
186,3.0,Graphic Designer,380.0,107,46,218,9
187,0.0,Staff Scientist,390.0,166,43,163,18
188,4.0,Help Desk Operator,194.0,43,8,129,14
189,0.0,Dental Hygienist,349.0,175,50,122,2
190,4.0,Occupational Therapist,268.0,93,26,133,16
191,0.0,VP Quality Control,187.0,75,34,64,14
192,4.0,Assistant Manager,185.0,87,37,58,3
193,1.0,Registered Nurse,399.0,99,24,257,19
194,4.0,Marketing Assistant,371.0,92,8,259,12
195,0.0,Health Coach IV,287.0,39,11,225,12
196,2.0,Financial Analyst,476.0,175,39,252,10
197,2.0,Community Outreach Specialist,169.0,20,45,93,11
198,0.0,Office Assistant IV,277.0,120,30,108,19
199,0.0,Software Engineer III,364.0,148,8,191,17
200,1.0,Senior Developer,382.0,129,20,218,15
201,4.0,Software Consultant,233.0,34,25,165,9
202,5.0,Assistant Professor,406.0,216,11,171,8
203,4.0,Nurse Practicioner,229.0,79,26,122,2
204,0.0,Automation Specialist III,316.0,71,10,217,18
205,2.0,Nuclear Power Engineer,399.0,111,11,272,5
206,4.0,Software Test Engineer III,480.0,189,11,278,2
207,0.0,Editor,193.0,82,19,76,16
208,1.0,Chemical Engineer,450.0,187,16,235,12
209,3.0,Operator,396.0,203,42,143,8
210,0.0,Clinical Specialist,321.0,150,35,116,20
211,2.0,Environmental Tech,498.0,183,34,269,12
212,1.0,Analyst Programmer,389.0,180,21,181,7
213,4.0,Assistant Media Planner,520.0,216,8,290,6
214,5.0,Design Engineer,452.0,183,27,233,9
215,4.0,Software Engineer I,445.0,186,9,246,4
216,4.0,Assistant Media Planner,225.0,39,16,165,5
217,2.0,Graphic Designer,316.0,212,24,61,19
218,3.0,Analog Circuit Design manager,361.0,211,12,130,8
219,4.0,Physical Therapy Assistant,280.0,73,46,144,17
220,0.0,Administrative Officer,282.0,158,14,108,2
221,2.0,Senior Cost Accountant,188.0,42,5,126,15
222,4.0,Editor,433.0,177,35,202,19
223,4.0,Software Test Engineer III,397.0,219,8,157,13
224,5.0,VP Accounting,331.0,226,35,63,7
225,1.0,Human Resources Assistant IV,325.0,107,50,153,15
226,3.0,Geologist IV,282.0,79,28,163,12
227,1.0,Geological Engineer,404.0,167,7,219,11
228,2.0,Administrative Officer,254.0,73,10,167,4
229,3.0,Information Systems Manager,263.0,151,34,73,5
230,5.0,VP Quality Control,573.0,249,39,273,12
231,2.0,Administrative Assistant III,501.0,212,17,265,7
232,1.0,Product Engineer,573.0,250,48,270,5
233,4.0,Structural Engineer,379.0,177,21,178,3
234,2.0,Environmental Specialist,329.0,211,16,92,10
235,3.0,Sales Associate,465.0,112,39,295,19
236,5.0,Staff Scientist,370.0,134,24,200,12
237,4.0,Help Desk Operator,143.0,23,39,73,8
238,3.0,Mechanical Systems Engineer,331.0,79,12,230,10
239,5.0,Structural Engineer,460.0,188,38,226,8
240,2.0,Social Worker,352.0,31,50,258,13
241,5.0,Design Engineer,342.0,136,45,158,3
242,3.0,Accountant III,235.0,116,33,69,17
243,4.0,Statistician I,225.0,26,7,174,18
244,3.0,Software Engineer IV,310.0,86,12,199,13
245,1.0,Automation Specialist II,275.0,62,5,192,16
246,3.0,Speech Pathologist,430.0,135,14,266,15
247,3.0,Nurse,508.0,190,28,270,20
248,4.0,Marketing Manager,417.0,220,8,170,19
249,2.0,Director of Sales,368.0,136,46,172,14
250,5.0,Design Engineer,389.0,197,26,159,7
251,3.0,Pharmacist,379.0,66,8,293,12
252,3.0,Product Engineer,386.0,111,15,253,7
253,5.0,Operator,305.0,105,21,171,8
254,5.0,Recruiter,315.0,242,7,62,4
255,1.0,Design Engineer,378.0,231,21,120,6
256,4.0,Technical Writer,312.0,180,35,90,7
257,3.0,Software Consultant,406.0,241,8,152,5
258,5.0,VP Product Management,323.0,207,35,72,9
259,2.0,Assistant Media Planner,387.0,216,44,122,5
260,4.0,Office Assistant IV,392.0,191,33,165,3
261,1.0,Professor,454.0,176,46,214,18
262,2.0,Associate Professor,515.0,202,13,284,16
263,2.0,Biostatistician III,405.0,174,24,200,7
264,3.0,Environmental Specialist,356.0,109,13,228,6
265,3.0,Product Engineer,467.0,118,41,288,20
266,1.0,Structural Analysis Engineer,310.0,134,16,142,18
267,3.0,Teacher,353.0,62,32,245,14
268,5.0,Web Developer I,369.0,26,41,295,7
269,2.0,Geologist II,403.0,177,48,164,14
270,4.0,Professor,394.0,61,39,290,4
271,1.0,Software Engineer I,277.0,102,45,115,15
272,2.0,Engineer II,402.0,249,47,95,11
273,5.0,Programmer IV,365.0,85,37,240,3
274,0.0,Quality Control Specialist,312.0,72,18,203,19
275,0.0,Programmer III,382.0,185,49,128,20
276,5.0,Research Associate,383.0,69,9,297,8
277,1.0,Marketing Manager,409.0,71,40,281,17
278,2.0,Technical Writer,516.0,222,25,264,5
279,0.0,Assistant Professor,364.0,226,41,93,4
280,0.0,Information Systems Manager,394.0,221,17,136,20
281,2.0,Administrative Officer,231.0,39,16,157,19
282,4.0,VP Product Management,214.0,102,24,80,8
283,0.0,Structural Engineer,383.0,88,23,270,2
284,5.0,Dental Hygienist,309.0,77,24,188,20
285,0.0,Operator,400.0,108,48,226,18
286,5.0,Nurse Practicioner,265.0,98,20,143,4
287,5.0,Media Manager II,402.0,219,41,137,5
288,2.0,Automation Specialist II,520.0,242,26,236,16
289,2.0,Pharmacist,346.0,139,41,163,3
290,4.0,Software Test Engineer IV,311.0,52,19,228,12
291,2.0,Financial Analyst,233.0,100,40,82,11
292,0.0,Internal Auditor,509.0,183,20,290,16
293,2.0,Quality Control Specialist,358.0,154,30,169,5
294,2.0,Community Outreach Specialist,300.0,185,49,64,2
295,0.0,Associate Professor,422.0,121,41,245,15
296,2.0,Registered Nurse,415.0,67,44,287,17
297,0.0,Research Assistant I,326.0,37,13,272,4
298,1.0,Actuary,523.0,250,32,223,18
299,4.0,Food Chemist,176.0,65,43,66,2
300,0.0,Administrative Officer,184.0,73,44,49,18
301,0.0,Junior Executive,246.0,144,6,89,7
302,1.0,Marketing Assistant,478.0,160,41,268,9
303,5.0,Assistant Professor,411.0,122,29,250,10
304,4.0,Clinical Specialist,482.0,248,41,179,14
305,2.0,Social Worker,509.0,165,32,296,16
306,3.0,Assistant Media Planner,168.0,49,13,94,12
307,0.0,Web Designer II,354.0,97,48,202,7
308,5.0,Account Representative II,312.0,30,26,238,18
309,5.0,Account Executive,481.0,215,16,237,13
310,5.0,Chemical Engineer,287.0,126,38,121,2
311,5.0,Senior Cost Accountant,291.0,36,44,192,19
312,5.0,VP Marketing,106.0,20,28,56,2
313,2.0,Associate Professor,415.0,123,22,267,3
314,0.0,Software Engineer II,248.0,126,33,73,16
315,2.0,Desktop Support Technician,297.0,39,48,208,2
316,0.0,Structural Analysis Engineer,343.0,20,34,272,17
317,1.0,Nurse,422.0,163,32,215,12
318,5.0,Geologist IV,310.0,27,26,248,9
319,3.0,VP Sales,558.0,216,37,299,6
320,2.0,Social Worker,382.0,31,45,294,12
321,1.0,Cost Accountant,452.0,143,30,259,20
322,2.0,Nuclear Power Engineer,298.0,121,39,130,8
323,5.0,Mechanical Systems Engineer,306.0,137,36,127,6
324,1.0,Database Administrator II,187.0,55,20,101,11
325,1.0,Research Nurse,338.0,25,12,299,2
326,3.0,Administrative Assistant IV,228.0,24,18,174,12
327,4.0,Account Representative IV,245.0,61,13,163,8
328,4.0,Computer Systems Analyst IV,359.0,233,40,78,8
329,0.0,Director of Sales,199.0,84,44,57,14
330,0.0,Analyst Programmer,304.0,35,8,255,6
331,4.0,Social Worker,356.0,90,42,222,2
332,0.0,Human Resources Assistant IV,340.0,123,21,182,14
333,0.0,Budget/Accounting Analyst III,245.0,118,39,77,11
334,3.0,Computer Systems Analyst III,352.0,175,28,147,2
335,2.0,Executive Secretary,223.0,86,23,97,17
336,3.0,Statistician III,289.0,115,18,152,4
337,0.0,Food Chemist,323.0,92,50,171,10
338,0.0,Help Desk Technician,306.0,184,11,100,11
339,1.0,Systems Administrator I,288.0,65,27,177,19
340,0.0,Librarian,449.0,158,11,268,12
341,4.0,Account Coordinator,436.0,179,21,220,16
342,5.0,Senior Sales Associate,236.0,86,18,124,8
343,1.0,Legal Assistant,460.0,217,29,199,15
344,1.0,Professor,303.0,211,13,75,4
345,2.0,Sales Associate,281.0,198,13,51,19
346,1.0,Quality Engineer,468.0,155,43,254,16
347,5.0,Recruiting Manager,247.0,36,50,152,9
348,5.0,Engineer III,514.0,218,30,257,9
349,1.0,Developer I,442.0,139,7,286,10
350,1.0,Graphic Designer,133.0,21,32,60,20
351,5.0,Legal Assistant,323.0,25,39,255,4
352,4.0,Project Manager,439.0,106,49,265,19
353,3.0,Desktop Support Technician,480.0,211,5,249,15
354,2.0,Quality Control Specialist,357.0,116,15,217,9
355,0.0,VP Accounting,431.0,117,19,286,9
356,2.0,VP Quality Control,322.0,152,42,118,10
357,5.0,Occupational Therapist,434.0,82,39,297,16
358,4.0,Research Assistant I,249.0,138,5,95,11
359,1.0,Chief Design Engineer,375.0,157,28,187,3
360,3.0,Senior Financial Analyst,145.0,69,10,58,8
361,0.0,Analog Circuit Design manager,157.0,60,42,45,10
362,4.0,Registered Nurse,523.0,228,18,258,19
363,4.0,Statistician IV,146.0,39,40,50,17
364,3.0,Engineer IV,519.0,188,30,297,4
365,5.0,VP Quality Control,492.0,222,42,220,8
366,2.0,Help Desk Technician,384.0,247,38,81,18
367,4.0,Graphic Designer,246.0,46,9,183,8
368,3.0,Marketing Assistant,259.0,72,25,147,15
369,5.0,VP Sales,303.0,163,47,79,14
370,5.0,Quality Control Specialist,304.0,175,20,100,9
371,5.0,Nurse Practicioner,289.0,135,25,122,7
372,0.0,Computer Systems Analyst III,283.0,119,28,118,18
373,0.0,Occupational Therapist,447.0,173,40,218,16
374,1.0,Software Engineer III,331.0,94,8,209,20
375,1.0,Account Representative II,416.0,151,29,232,4
376,4.0,Legal Assistant,305.0,121,20,156,8
377,2.0,Civil Engineer,235.0,75,30,112,18
378,2.0,Senior Editor,519.0,175,48,276,20
379,5.0,Quality Control Specialist,260.0,160,20,60,20
380,5.0,Computer Systems Analyst II,143.0,63,14,50,16
381,2.0,Business Systems Development Analyst,233.0,101,38,92,2
382,0.0,Accounting Assistant I,241.0,139,11,75,16
383,2.0,VP Quality Control,219.0,80,7,127,5
384,2.0,Human Resources Assistant I,408.0,75,41,274,18
385,5.0,Physical Therapy Assistant,381.0,68,32,278,3
386,2.0,Assistant Professor,281.0,141,25,104,11
387,2.0,Pharmacist,261.0,55,18,179,9
388,3.0,Senior Editor,242.0,137,11,87,7
389,3.0,Chemical Engineer,321.0,55,22,229,15
390,4.0,Programmer Analyst I,378.0,250,36,83,9
391,0.0,Senior Financial Analyst,174.0,64,27,78,5
392,5.0,Physical Therapy Assistant,210.0,122,7,76,5
393,2.0,Actuary,333.0,207,28,95,3
394,5.0,Programmer Analyst III,371.0,33,34,293,11
395,1.0,Structural Analysis Engineer,294.0,184,41,61,8
396,0.0,Paralegal,376.0,222,28,118,8
397,4.0,Product Engineer,428.0,205,47,159,17
398,5.0,Payment Adjustment Coordinator,151.0,56,11,80,4
399,4.0,Web Developer II,423.0,171,41,193,18
400,0.0,Paralegal,196.0,64,39,88,5
401,0.0,Administrative Assistant IV,288.0,111,28,131,18
402,5.0,Staff Scientist,516.0,225,25,256,10
403,4.0,Design Engineer,422.0,143,43,218,18
404,3.0,Legal Assistant,251.0,100,31,103,17
405,1.0,Electrical Engineer,448.0,116,39,277,16
406,1.0,Environmental Tech,426.0,91,28,288,19
407,4.0,Business Systems Development Analyst,300.0,66,5,214,15
408,5.0,Geological Engineer,363.0,184,17,150,12
409,5.0,Research Nurse,305.0,72,13,204,16
410,2.0,Automation Specialist I,319.0,202,48,65,4
411,0.0,Senior Cost Accountant,485.0,146,40,282,17
412,0.0,Nuclear Power Engineer,489.0,199,7,272,11
413,4.0,Teacher,494.0,206,9,273,6
414,2.0,Data Coordiator,471.0,207,21,228,15
415,3.0,VP Accounting,315.0,149,26,128,12
416,4.0,VP Product Management,220.0,96,7,105,12
417,3.0,Systems Administrator IV,289.0,171,46,69,3
418,1.0,Human Resources Manager,316.0,186,31,87,12
419,5.0,Quality Engineer,447.0,168,22,244,13
420,0.0,Graphic Designer,370.0,236,46,85,3
421,4.0,Desktop Support Technician,450.0,249,39,160,2
422,0.0,Administrative Assistant I,436.0,218,42,173,3
423,5.0,Developer IV,309.0,37,21,237,14
424,3.0,Analog Circuit Design manager,368.0,126,35,199,8
425,3.0,Project Manager,374.0,98,45,229,2
426,5.0,Desktop Support Technician,389.0,71,21,283,14
427,0.0,Registered Nurse,397.0,80,20,279,18
428,2.0,Human Resources Manager,470.0,171,40,256,3
429,2.0,Senior Financial Analyst,422.0,113,6,291,12
430,3.0,Financial Analyst,316.0,93,20,183,20
431,1.0,Computer Systems Analyst II,397.0,111,10,273,3
432,4.0,Project Manager,439.0,172,40,221,6
433,2.0,GIS Technical Architect,353.0,248,23,74,8
434,2.0,Editor,405.0,156,43,187,19
435,5.0,Research Assistant III,567.0,238,30,280,19
436,2.0,Payment Adjustment Coordinator,382.0,80,19,271,12
437,0.0,Associate Professor,338.0,238,15,71,14
438,4.0,Mechanical Systems Engineer,440.0,126,15,287,12
439,5.0,Assistant Professor,273.0,39,47,171,16
440,0.0,Civil Engineer,504.0,232,47,219,6
441,3.0,Speech Pathologist,309.0,75,18,207,9
442,4.0,Staff Accountant I,397.0,76,12,294,15
443,0.0,Nurse Practicioner,450.0,222,45,181,2
444,4.0,Developer I,324.0,110,17,189,8
445,4.0,Associate Professor,321.0,132,25,147,17
446,4.0,Financial Analyst,280.0,165,16,97,2
447,0.0,Chemical Engineer,315.0,52,42,215,6
448,5.0,Environmental Tech,241.0,120,19,95,7
449,3.0,Internal Auditor,410.0,108,11,279,12
450,1.0,Database Administrator II,188.0,38,28,106,16
451,5.0,Programmer Analyst I,296.0,72,49,172,3
452,4.0,Marketing Manager,468.0,246,11,202,9
453,0.0,Structural Analysis Engineer,535.0,181,40,298,16
454,0.0,Media Manager III,359.0,108,48,199,4
455,3.0,Administrative Officer,450.0,217,12,209,12
456,5.0,Health Coach II,167.0,66,15,81,5
457,3.0,Director of Sales,478.0,226,40,198,14
458,3.0,Food Chemist,385.0,206,17,148,14
459,2.0,Senior Cost Accountant,354.0,115,7,217,15
460,3.0,Senior Financial Analyst,342.0,111,34,189,8
461,4.0,Geological Engineer,367.0,85,28,249,5
462,5.0,Technical Writer,421.0,148,14,252,7
463,1.0,Help Desk Operator,392.0,131,28,214,19
464,3.0,Systems Administrator II,328.0,184,44,97,3
465,0.0,Assistant Media Planner,326.0,110,10,203,3
466,2.0,Web Designer IV,389.0,207,29,138,15
467,0.0,Financial Analyst,237.0,83,20,132,2
468,1.0,Engineer I,314.0,50,31,214,19
469,0.0,Accountant I,461.0,225,48,175,13
470,2.0,Legal Assistant,258.0,127,16,97,18
471,4.0,Assistant Professor,506.0,226,33,235,12
472,1.0,Civil Engineer,538.0,175,49,300,14
473,2.0,Programmer Analyst II,359.0,56,21,268,14
474,4.0,Nuclear Power Engineer,416.0,167,33,204,12
475,5.0,Health Coach II,437.0,172,22,225,18
476,2.0,Budget/Accounting Analyst I,374.0,234,5,126,9
477,1.0,Design Engineer,485.0,166,27,280,12
478,1.0,Nurse Practicioner,212.0,65,20,108,19
479,3.0,Administrative Officer,319.0,90,47,178,4
480,2.0,Mechanical Systems Engineer,415.0,191,29,180,15
481,1.0,VP Quality Control,421.0,87,26,297,11
482,5.0,Recruiting Manager,399.0,195,8,180,16
483,3.0,Mechanical Systems Engineer,262.0,128,13,112,9
484,0.0,Clinical Specialist,209.0,89,50,63,7
485,3.0,Actuary,446.0,114,40,284,8
486,4.0,Quality Engineer,358.0,99,5,234,20
487,3.0,Media Manager I,263.0,150,23,75,15
488,3.0,Senior Editor,433.0,145,25,252,11
489,3.0,Associate Professor,405.0,234,11,147,13
490,5.0,Senior Cost Accountant,239.0,98,35,88,18
491,5.0,Geologist II,291.0,55,7,209,20
492,0.0,Actuary,285.0,155,50,71,9
493,4.0,Structural Engineer,316.0,193,43,77,3
494,4.0,Geologist III,401.0,214,39,136,12
495,1.0,Help Desk Operator,468.0,184,8,266,10
496,5.0,Product Engineer,271.0,48,18,194,11
497,0.0,Recruiting Manager,347.0,236,10,89,12
498,4.0,Operator,185.0,37,25,114,9
499,2.0,Software Consultant,441.0,176,6,254,5
500,0.0,Occupational Therapist,255.0,29,26,194,6
501,0.0,Budget/Accounting Analyst II,356.0,212,29,107,8
502,2.0,Tax Accountant,270.0,24,37,201,8
503,0.0,Social Worker,392.0,102,32,252,6
504,5.0,Research Assistant IV,329.0,199,14,98,18
505,5.0,GIS Technical Architect,353.0,109,25,206,13
506,2.0,VP Accounting,407.0,129,15,252,11
507,3.0,Recruiter,512.0,243,6,244,19
508,3.0,Senior Developer,339.0,195,17,125,2
509,4.0,Research Assistant II,277.0,124,8,129,16
510,0.0,Account Representative III,494.0,218,20,236,20
511,5.0,Project Manager,262.0,54,44,157,7
512,2.0,Pharmacist,275.0,144,44,79,8
513,0.0,Web Developer IV,221.0,131,14,59,17
514,2.0,Account Coordinator,271.0,76,30,157,8
515,1.0,Editor,312.0,54,10,235,13
516,4.0,Safety Technician I,330.0,101,19,190,20
517,2.0,Graphic Designer,507.0,206,48,249,4
518,1.0,Automation Specialist I,391.0,144,14,229,4
519,2.0,Product Engineer,336.0,100,26,201,9
520,2.0,Structural Engineer,271.0,128,13,121,9
521,3.0,Paralegal,400.0,155,12,223,10
522,2.0,Editor,335.0,68,20,243,4
523,0.0,Help Desk Operator,367.0,241,41,78,7
524,0.0,Automation Specialist III,314.0,245,8,57,4
525,3.0,Help Desk Technician,264.0,147,44,59,14
526,4.0,Nurse Practicioner,384.0,155,20,202,7
527,4.0,Registered Nurse,394.0,210,20,161,3
528,1.0,Director of Sales,448.0,246,15,171,16
529,5.0,Senior Editor,296.0,184,14,95,3
530,2.0,Programmer II,136.0,54,10,64,8
531,1.0,Junior Executive,426.0,151,25,243,7
532,0.0,Account Coordinator,479.0,140,48,281,10
533,1.0,Junior Executive,308.0,183,17,106,2
534,4.0,Product Engineer,333.0,205,37,85,6
535,4.0,Dental Hygienist,170.0,21,21,126,2
536,2.0,Pharmacist,387.0,156,50,171,10
537,5.0,Dental Hygienist,281.0,177,37,51,16
538,2.0,Financial Advisor,200.0,89,37,55,19
539,1.0,Research Associate,393.0,167,6,216,4
540,2.0,Programmer Analyst II,303.0,158,13,120,12
541,5.0,Geological Engineer,210.0,50,6,143,11
542,5.0,Executive Secretary,410.0,178,33,189,10
543,3.0,Nurse,391.0,81,36,268,6
544,3.0,Administrative Assistant III,151.0,55,26,58,12
545,5.0,Administrative Assistant III,304.0,83,25,191,5
546,2.0,Senior Editor,213.0,51,30,122,10
547,1.0,Graphic Designer,422.0,140,31,243,8
548,1.0,Automation Specialist III,382.0,179,9,180,14
549,1.0,Quality Control Specialist,398.0,43,39,300,16
550,5.0,Software Engineer II,377.0,154,5,208,10
551,2.0,Business Systems Development Analyst,184.0,56,33,77,18
552,1.0,Research Nurse,442.0,228,11,196,7
553,3.0,Structural Engineer,461.0,207,39,206,9
554,5.0,Teacher,425.0,211,37,163,14
555,1.0,Senior Developer,278.0,89,14,159,16
556,5.0,Media Manager I,167.0,55,44,48,20
557,0.0,Information Systems Manager,559.0,229,20,292,18
558,1.0,Environmental Tech,247.0,119,50,62,16
559,4.0,Librarian,425.0,219,36,167,3
560,0.0,Sales Associate,172.0,71,40,59,2
561,5.0,Executive Secretary,325.0,109,9,195,12
562,2.0,Research Assistant II,291.0,50,10,212,19
563,2.0,Desktop Support Technician,248.0,126,33,69,20
564,2.0,Speech Pathologist,416.0,206,14,187,9
565,0.0,Staff Accountant II,287.0,59,31,186,11
566,1.0,Computer Systems Analyst II,275.0,181,5,71,18
567,0.0,Chief Design Engineer,292.0,66,11,210,5
568,2.0,Clinical Specialist,320.0,202,43,57,18
569,2.0,Marketing Manager,426.0,85,44,290,7
570,1.0,Occupational Therapist,315.0,45,13,237,20
571,4.0,Account Representative III,544.0,221,39,281,3
572,5.0,Administrative Assistant IV,359.0,171,28,148,12
573,2.0,Software Test Engineer III,277.0,182,15,70,10
574,4.0,Data Coordiator,159.0,70,12,73,4
575,3.0,Data Coordiator,346.0,204,37,100,5
576,5.0,Quality Engineer,363.0,202,18,123,20
577,4.0,Desktop Support Technician,434.0,165,28,227,14
578,0.0,Nuclear Power Engineer,367.0,135,31,192,9
579,2.0,Account Executive,151.0,23,5,103,20
580,0.0,Geological Engineer,548.0,234,27,270,17
581,4.0,Editor,269.0,185,24,53,7
582,3.0,Cost Accountant,274.0,60,26,179,9
583,3.0,Developer III,300.0,182,14,99,5
584,3.0,Developer II,290.0,77,43,167,3
585,2.0,Associate Professor,338.0,149,31,152,6
586,4.0,Research Associate,529.0,209,15,290,15
587,5.0,Associate Professor,173.0,87,32,49,5
588,2.0,Technical Writer,345.0,68,43,216,18
589,0.0,Human Resources Manager,343.0,42,29,268,4
590,0.0,Analyst Programmer,265.0,76,37,148,4
591,4.0,Account Representative IV,550.0,212,34,284,20
592,5.0,Safety Technician I,243.0,83,48,95,17
593,4.0,Clinical Specialist,329.0,113,29,177,10
594,4.0,Assistant Manager,340.0,64,8,259,9
595,0.0,Biostatistician IV,489.0,243,29,197,20
596,1.0,Budget/Accounting Analyst IV,507.0,223,46,234,4
597,1.0,Senior Developer,193.0,71,12,106,4
598,2.0,Senior Editor,344.0,83,12,231,18
599,1.0,Occupational Therapist,172.0,41,23,105,3
600,2.0,Design Engineer,416.0,239,8,153,16
601,3.0,Chief Design Engineer,466.0,216,32,216,2
602,5.0,Librarian,442.0,170,36,225,11
603,0.0,Senior Sales Associate,431.0,165,40,221,5
604,1.0,Assistant Media Planner,330.0,120,32,164,14
605,0.0,Junior Executive,251.0,55,11,180,5
606,2.0,Accountant IV,163.0,47,21,78,17
607,3.0,Office Assistant II,432.0,174,49,193,16
608,1.0,Physical Therapy Assistant,301.0,93,14,188,6
609,1.0,Human Resources Manager,319.0,51,11,253,4
610,2.0,Legal Assistant,289.0,126,26,123,14
611,2.0,Administrative Assistant III,535.0,228,48,244,15
612,1.0,Engineer IV,317.0,99,37,166,15
613,2.0,Teacher,289.0,39,25,205,20
614,3.0,Software Test Engineer IV,157.0,45,19,84,9
615,0.0,General Manager,503.0,168,41,283,11
616,2.0,Programmer Analyst IV,372.0,162,10,182,18
617,5.0,Mechanical Systems Engineer,406.0,148,36,204,18
618,1.0,Paralegal,353.0,215,33,101,4
619,1.0,Sales Representative,184.0,81,29,72,2
620,5.0,Tax Accountant,216.0,61,45,96,14
621,2.0,Assistant Media Planner,403.0,149,40,212,2
622,1.0,Geological Engineer,427.0,247,18,144,18
623,3.0,Nuclear Power Engineer,296.0,80,48,157,11
624,4.0,Assistant Media Planner,454.0,221,42,184,7
625,1.0,Software Engineer IV,123.0,37,10,67,9
626,3.0,Administrative Officer,274.0,52,20,182,20
627,0.0,Assistant Manager,303.0,194,33,66,10
628,0.0,Operator,258.0,111,31,111,5
629,0.0,Statistician I,462.0,246,41,156,19
630,4.0,Environmental Specialist,368.0,69,49,246,4
631,1.0,Design Engineer,237.0,30,46,141,20
632,5.0,Programmer Analyst II,323.0,103,24,194,2
633,3.0,Safety Technician III,469.0,149,30,271,19
634,0.0,Staff Accountant I,426.0,225,11,178,12
635,2.0,Associate Professor,168.0,26,11,111,20
636,2.0,Dental Hygienist,297.0,138,29,126,4
637,5.0,Sales Representative,471.0,180,38,243,10
638,3.0,VP Sales,86.0,21,7,50,8
639,3.0,Tax Accountant,372.0,120,38,195,19
640,3.0,Web Developer II,233.0,46,43,131,13
641,0.0,VP Product Management,449.0,249,26,161,13
642,5.0,Sales Associate,392.0,101,37,236,18
643,1.0,Research Assistant III,344.0,209,11,122,2
644,1.0,Structural Analysis Engineer,378.0,205,39,132,2
645,2.0,Account Coordinator,352.0,126,5,214,7
646,5.0,Software Engineer IV,282.0,133,16,118,15
647,1.0,Information Systems Manager,278.0,57,49,165,7
648,0.0,Executive Secretary,217.0,60,5,142,10
649,0.0,Programmer IV,280.0,181,35,51,13
650,5.0,Sales Representative,244.0,90,38,99,17
651,2.0,Human Resources Assistant I,240.0,107,36,89,8
652,5.0,Budget/Accounting Analyst II,318.0,37,39,223,19
653,1.0,Administrative Assistant II,388.0,228,30,113,17
654,1.0,Geological Engineer,455.0,170,25,248,12
655,2.0,Desktop Support Technician,531.0,184,46,290,11
656,3.0,Business Systems Development Analyst,336.0,213,10,105,8
657,4.0,Statistician II,384.0,90,15,271,8
658,5.0,Senior Sales Associate,354.0,113,34,190,17
659,2.0,Civil Engineer,533.0,191,22,300,20
660,1.0,Actuary,320.0,184,14,116,6
661,3.0,Community Outreach Specialist,345.0,153,8,173,11
662,3.0,Mechanical Systems Engineer,249.0,137,10,100,2
663,5.0,Quality Engineer,360.0,210,6,137,7
664,1.0,VP Product Management,472.0,230,20,214,8
665,3.0,Editor,267.0,25,17,209,16
666,4.0,Staff Accountant III,361.0,202,13,132,14
667,5.0,Librarian,178.0,60,26,82,10
668,3.0,Help Desk Technician,295.0,38,42,201,14
669,3.0,Actuary,261.0,115,31,111,4
670,2.0,Help Desk Operator,276.0,38,49,174,15
671,1.0,Civil Engineer,378.0,179,9,171,19
672,5.0,Help Desk Operator,418.0,98,47,264,9
673,2.0,Desktop Support Technician,240.0,75,18,140,7
674,4.0,Nurse,513.0,245,23,232,13
675,0.0,Business Systems Development Analyst,426.0,148,18,247,13
676,1.0,Assistant Manager,379.0,160,11,205,3
677,5.0,Nurse,408.0,190,26,188,4
678,0.0,Librarian,403.0,242,28,128,5
679,5.0,Cost Accountant,420.0,166,29,213,12
680,5.0,Engineer IV,335.0,33,35,262,5
681,1.0,Human Resources Assistant IV,340.0,238,28,56,18
682,4.0,Assistant Manager,510.0,160,49,281,20
683,0.0,Geologist IV,232.0,72,20,129,11
684,1.0,Recruiting Manager,331.0,163,26,124,18
685,0.0,Senior Financial Analyst,274.0,121,8,127,18
686,1.0,Web Developer II,357.0,93,10,236,18
687,1.0,Physical Therapy Assistant,194.0,74,33,85,2
688,4.0,Systems Administrator I,484.0,241,37,204,2
689,3.0,Speech Pathologist,262.0,31,21,200,10
690,3.0,Account Representative I,436.0,119,31,280,6
691,0.0,Account Executive,401.0,79,48,269,5
692,4.0,GIS Technical Architect,437.0,185,45,201,6
693,5.0,Health Coach I,351.0,34,14,298,5
694,1.0,Staff Scientist,291.0,152,44,75,20
695,2.0,Product Engineer,498.0,236,30,230,2
696,2.0,Dental Hygienist,209.0,51,21,130,7
697,2.0,Accounting Assistant I,251.0,105,27,105,14
698,3.0,Office Assistant I,145.0,33,47,50,15
699,4.0,Clinical Specialist,176.0,45,31,91,9
700,1.0,Budget/Accounting Analyst I,309.0,170,5,116,18
701,3.0,Professor,218.0,65,29,107,17
702,3.0,Media Manager II,343.0,39,33,269,2
703,2.0,Statistician IV,301.0,146,49,93,13
704,5.0,VP Sales,257.0,136,13,106,2
705,1.0,Programmer Analyst I,328.0,201,44,76,7
706,4.0,Software Consultant,280.0,92,23,146,19
707,5.0,VP Marketing,358.0,51,8,281,18
708,0.0,Sales Associate,383.0,88,17,269,9
709,2.0,Information Systems Manager,288.0,22,38,225,3
710,4.0,VP Quality Control,270.0,123,29,113,5
711,0.0,Information Systems Manager,245.0,121,18,89,17
712,1.0,Assistant Manager,290.0,133,30,114,13
713,4.0,Programmer II,283.0,86,28,165,4
714,0.0,Engineer III,105.0,28,11,63,3
715,3.0,Recruiter,254.0,139,42,54,19
716,0.0,Actuary,435.0,128,42,259,6
717,4.0,Structural Engineer,425.0,119,38,260,8
718,4.0,Assistant Professor,436.0,172,31,229,4
719,1.0,Research Assistant I,234.0,42,7,167,18
720,4.0,Design Engineer,227.0,117,22,86,2
721,1.0,Research Nurse,569.0,242,50,257,20
722,5.0,Internal Auditor,199.0,113,7,75,4
723,5.0,Speech Pathologist,371.0,98,24,242,7
724,2.0,Quality Control Specialist,261.0,121,38,88,14
725,0.0,Financial Advisor,304.0,128,5,168,3
726,3.0,Assistant Professor,318.0,232,13,64,9
727,1.0,Engineer II,481.0,168,39,265,9
728,5.0,Marketing Manager,370.0,102,10,243,15
729,4.0,Teacher,409.0,142,19,244,4
730,0.0,Budget/Accounting Analyst III,503.0,217,48,228,10
731,1.0,Product Engineer,230.0,146,27,55,2
732,2.0,Account Representative II,405.0,189,49,148,19
733,1.0,Software Consultant,215.0,32,26,146,11
734,0.0,Assistant Professor,276.0,32,29,198,17
735,3.0,Administrative Officer,175.0,31,12,125,7
736,1.0,Nurse Practicioner,280.0,142,27,101,10
737,4.0,Graphic Designer,311.0,90,8,201,12
738,5.0,Staff Accountant IV,145.0,52,12,64,17
739,0.0,Civil Engineer,470.0,167,8,275,20
740,1.0,Biostatistician IV,160.0,52,8,86,14
741,3.0,Administrative Assistant II,303.0,24,12,256,11
742,3.0,Account Executive,383.0,37,48,286,12
743,1.0,Senior Cost Accountant,414.0,216,5,181,12
744,2.0,Sales Associate,562.0,234,28,296,4
745,1.0,Assistant Manager,304.0,240,9,49,6
746,0.0,Actuary,342.0,130,39,163,10
747,3.0,Senior Financial Analyst,218.0,132,11,66,9
748,1.0,Health Coach IV,386.0,235,31,115,5
749,4.0,VP Quality Control,349.0,104,50,186,9
750,4.0,Administrative Officer,530.0,236,11,275,8
751,3.0,Registered Nurse,270.0,142,38,78,12
752,1.0,Structural Analysis Engineer,398.0,209,29,148,12
753,1.0,Speech Pathologist,244.0,160,6,60,18
754,3.0,Recruiter,344.0,210,39,84,11
755,0.0,Staff Accountant I,372.0,22,47,300,3
756,4.0,Help Desk Operator,330.0,149,46,128,7
757,0.0,Mechanical Systems Engineer,435.0,233,35,152,15
758,5.0,Research Assistant II,366.0,129,50,178,9
759,5.0,Information Systems Manager,442.0,170,9,256,7
760,0.0,VP Quality Control,473.0,164,33,274,2
761,1.0,Help Desk Operator,471.0,149,48,265,9
762,3.0,Chemical Engineer,302.0,122,42,120,18
763,2.0,Web Designer III,517.0,250,22,241,4
764,2.0,Senior Financial Analyst,415.0,166,14,218,17
765,4.0,Engineer I,276.0,53,26,177,20
766,4.0,Desktop Support Technician,235.0,134,11,75,15
767,4.0,Data Coordiator,323.0,152,40,114,17
768,0.0,Community Outreach Specialist,468.0,231,47,174,16
769,4.0,Geological Engineer,465.0,199,50,197,19
770,2.0,Database Administrator II,309.0,224,22,56,7
771,4.0,Recruiter,197.0,101,23,66,7
772,5.0,Computer Systems Analyst II,325.0,92,49,181,3
773,1.0,Database Administrator III,204.0,73,48,77,6
774,1.0,Professor,281.0,167,45,53,16
775,2.0,Account Executive,340.0,57,9,266,8
776,1.0,Senior Quality Engineer,335.0,190,42,97,6
777,0.0,Junior Executive,193.0,57,27,100,9
778,2.0,Data Coordiator,355.0,131,13,208,3
779,5.0,Staff Scientist,258.0,77,10,165,6
780,3.0,Structural Analysis Engineer,374.0,64,42,250,18
781,3.0,Sales Associate,514.0,174,33,293,14
782,1.0,Senior Editor,356.0,231,41,77,7
783,0.0,Nurse,426.0,218,14,177,17
784,2.0,Assistant Media Planner,200.0,112,29,45,14
785,1.0,Senior Developer,284.0,169,11,88,16
786,2.0,Physical Therapy Assistant,382.0,208,46,110,18
787,4.0,General Manager,380.0,174,23,167,16
788,4.0,Senior Cost Accountant,327.0,43,49,223,12
789,4.0,Programmer Analyst IV,475.0,231,41,186,17
790,1.0,Registered Nurse,260.0,73,12,159,16
791,1.0,Web Designer I,224.0,103,38,65,18
792,3.0,Quality Engineer,281.0,166,10,96,9
793,2.0,Analyst Programmer,312.0,164,45,85,18
794,5.0,Software Engineer IV,255.0,80,32,131,12
795,1.0,Technical Writer,215.0,103,7,90,15
796,3.0,Database Administrator IV,479.0,229,38,208,4
797,5.0,Senior Quality Engineer,384.0,247,25,105,7
798,2.0,Financial Analyst,342.0,29,40,253,20
799,0.0,Database Administrator I,111.0,39,17,46,9
800,5.0,Environmental Specialist,407.0,126,41,221,19
801,1.0,Teacher,434.0,209,23,187,15
802,1.0,Safety Technician I,318.0,139,20,144,15
803,0.0,Programmer Analyst I,260.0,107,28,115,10
804,4.0,VP Accounting,319.0,154,14,133,18
805,5.0,Programmer III,522.0,212,30,262,18
806,3.0,Financial Advisor,222.0,136,22,53,11
807,1.0,VP Marketing,326.0,219,30,57,20
808,5.0,Quality Control Specialist,396.0,135,24,232,5
809,3.0,Quality Engineer,326.0,167,15,131,13
810,0.0,Internal Auditor,462.0,228,15,202,17
811,0.0,Research Assistant III,407.0,172,40,183,12
812,3.0,Assistant Manager,378.0,96,5,267,10
813,0.0,Operator,403.0,128,46,214,15
814,5.0,Registered Nurse,161.0,30,8,114,9
815,0.0,Web Developer III,490.0,229,32,226,3
816,3.0,Mechanical Systems Engineer,451.0,249,46,137,19
817,3.0,Research Assistant III,367.0,249,18,91,9
818,1.0,Staff Accountant I,444.0,184,27,231,2
819,3.0,Media Manager IV,293.0,67,34,186,6
820,4.0,Data Coordiator,466.0,220,28,200,18
821,3.0,Software Engineer III,564.0,211,47,288,18
822,2.0,Community Outreach Specialist,284.0,114,42,117,11
823,0.0,Staff Scientist,337.0,78,6,242,11
824,4.0,Research Associate,429.0,137,10,279,3
825,5.0,Health Coach IV,355.0,152,17,177,9
826,1.0,Clinical Specialist,239.0,132,27,77,3
827,1.0,Environmental Tech,414.0,190,47,163,14
828,5.0,Human Resources Manager,209.0,78,30,98,3
829,1.0,Human Resources Manager,349.0,229,27,89,4
830,5.0,Director of Sales,385.0,64,17,284,20
831,4.0,Health Coach IV,154.0,49,26,60,19
832,1.0,Junior Executive,391.0,61,41,273,16
833,3.0,Human Resources Manager,271.0,58,49,160,4
834,0.0,Editor,391.0,190,29,168,4
835,4.0,VP Marketing,443.0,242,20,170,11
836,5.0,VP Sales,364.0,163,43,154,4
837,1.0,Biostatistician I,323.0,181,15,123,4
838,1.0,Graphic Designer,401.0,117,30,250,4
839,3.0,Analyst Programmer,291.0,40,42,197,12
840,2.0,Nuclear Power Engineer,141.0,43,17,63,18
841,3.0,Dental Hygienist,331.0,130,19,171,11
842,1.0,Account Coordinator,227.0,85,28,108,6
843,5.0,Quality Engineer,452.0,204,13,222,13
844,5.0,Senior Developer,497.0,222,15,250,10
845,1.0,GIS Technical Architect,506.0,248,18,227,13
846,2.0,Operator,403.0,192,13,183,15
847,4.0,Clinical Specialist,365.0,176,36,136,17
848,4.0,Analyst Programmer,148.0,23,16,107,2
849,0.0,Assistant Manager,149.0,33,44,53,19
850,5.0,Human Resources Assistant I,254.0,144,50,54,6
851,3.0,Help Desk Technician,406.0,69,34,287,16
852,4.0,Software Consultant,386.0,164,38,181,3
853,4.0,Compensation Analyst,590.0,247,26,298,19
854,1.0,Design Engineer,550.0,203,46,289,12
855,1.0,Assistant Professor,319.0,174,16,126,3
856,5.0,Programmer I,229.0,27,7,178,17
857,0.0,Associate Professor,353.0,192,8,143,10
858,1.0,Senior Quality Engineer,432.0,178,37,207,10
859,4.0,Sales Representative,311.0,137,25,129,20
860,1.0,Chief Design Engineer,167.0,74,26,56,11
861,4.0,Account Coordinator,247.0,34,7,192,14
862,2.0,Web Designer IV,378.0,102,21,241,14
863,0.0,Budget/Accounting Analyst I,174.0,30,31,96,17
864,3.0,Help Desk Technician,330.0,171,30,125,4
865,5.0,Recruiting Manager,288.0,90,9,169,20
866,5.0,Payment Adjustment Coordinator,349.0,228,26,87,8
867,5.0,Geological Engineer,535.0,199,45,281,10
868,0.0,Biostatistician I,354.0,168,32,145,9
869,3.0,Assistant Media Planner,191.0,26,44,109,12
870,1.0,Accountant III,387.0,237,25,114,11
871,4.0,Staff Scientist,393.0,229,17,130,17
872,4.0,Programmer Analyst II,397.0,217,11,153,16
873,3.0,Marketing Assistant,267.0,105,25,133,4
874,5.0,Senior Sales Associate,404.0,210,48,137,9
875,5.0,VP Product Management,375.0,56,48,258,13
876,4.0,Safety Technician II,383.0,174,9,187,13
877,1.0,Actuary,367.0,192,18,146,11
878,5.0,Developer II,293.0,64,47,175,7
879,0.0,Assistant Media Planner,358.0,52,25,275,6
880,4.0,Recruiting Manager,298.0,149,8,135,6
881,3.0,Data Coordiator,171.0,44,49,60,18
882,3.0,Nurse Practicioner,225.0,65,37,116,7
883,1.0,Chemical Engineer,464.0,131,43,286,4
884,3.0,Desktop Support Technician,494.0,227,23,239,5
885,4.0,Desktop Support Technician,386.0,118,5,243,20
886,0.0,Environmental Tech,230.0,31,36,148,15
887,2.0,Administrative Officer,262.0,40,31,189,2
888,2.0,Analyst Programmer,314.0,108,33,167,6
889,4.0,VP Quality Control,427.0,222,47,152,6
890,3.0,Nurse Practicioner,351.0,102,9,227,13
891,1.0,Staff Accountant IV,323.0,147,22,150,4
892,3.0,Help Desk Operator,561.0,247,23,285,6
893,4.0,Mechanical Systems Engineer,380.0,219,13,140,8
894,1.0,Staff Scientist,464.0,127,37,298,2
895,5.0,Senior Cost Accountant,470.0,245,6,211,8
896,0.0,Staff Scientist,509.0,163,39,289,18
897,0.0,Geologist I,366.0,77,25,250,14
898,1.0,Assistant Media Planner,386.0,234,5,144,3
899,2.0,Project Manager,238.0,38,14,176,10
900,4.0,Financial Analyst,461.0,149,30,271,11
901,2.0,Research Assistant IV,241.0,72,9,149,11
902,3.0,Community Outreach Specialist,271.0,30,18,217,6
903,4.0,Junior Executive,374.0,199,26,130,19
904,4.0,Librarian,277.0,142,38,85,12
905,4.0,Statistician I,467.0,194,47,224,2
906,3.0,Legal Assistant,242.0,147,28,63,4
907,5.0,Nuclear Power Engineer,382.0,55,40,272,15
908,1.0,Project Manager,180.0,86,16,74,4
909,0.0,Staff Accountant I,375.0,33,35,287,20
910,4.0,Help Desk Technician,344.0,41,49,247,7
911,4.0,Automation Specialist IV,376.0,242,7,125,2
912,0.0,Software Consultant,458.0,215,40,183,20
913,3.0,Structural Engineer,360.0,175,19,148,18
914,3.0,Civil Engineer,358.0,105,28,210,15
915,1.0,Assistant Manager,405.0,228,22,153,2
916,3.0,VP Marketing,498.0,242,8,231,17
917,2.0,Account Coordinator,316.0,124,26,147,19
918,3.0,Project Manager,398.0,188,10,185,15
919,0.0,Operator,333.0,101,41,180,11
920,3.0,Editor,428.0,150,14,245,19
921,5.0,Engineer IV,389.0,136,46,198,9
922,4.0,Quality Control Specialist,155.0,26,30,89,10
923,2.0,Senior Financial Analyst,411.0,96,14,295,6
924,2.0,Accountant IV,531.0,194,50,277,10
925,2.0,Software Engineer III,467.0,189,30,232,16
926,4.0,Engineer III,546.0,235,29,265,17
927,5.0,Assistant Media Planner,444.0,147,32,248,17
928,2.0,Staff Accountant II,389.0,72,30,278,9
929,0.0,Software Engineer II,406.0,202,45,142,17
930,5.0,Marketing Manager,494.0,174,42,264,14
931,4.0,Data Coordiator,332.0,222,19,83,8
932,5.0,Nurse Practicioner,339.0,55,32,233,19
933,1.0,Software Consultant,246.0,126,30,80,10
934,1.0,Web Designer III,450.0,199,11,234,6
935,3.0,Cost Accountant,443.0,158,10,270,5
936,5.0,Tax Accountant,286.0,137,27,103,19
937,0.0,Data Coordiator,234.0,25,41,166,2
938,1.0,Account Representative II,364.0,149,8,191,16
939,5.0,Help Desk Operator,368.0,102,18,228,20
940,3.0,Food Chemist,499.0,188,8,294,9
941,3.0,Senior Quality Engineer,473.0,177,37,242,17
942,3.0,Senior Quality Engineer,491.0,181,48,250,12
943,4.0,Compensation Analyst,500.0,214,25,241,20
944,2.0,Mechanical Systems Engineer,316.0,76,18,203,19
945,4.0,Financial Advisor,227.0,30,5,183,9
946,1.0,Associate Professor,342.0,63,39,220,20
947,3.0,Clinical Specialist,299.0,122,33,126,18
948,2.0,Administrative Officer,221.0,94,8,112,7
949,5.0,GIS Technical Architect,327.0,51,19,243,14
950,5.0,Health Coach I,386.0,161,10,200,15
951,5.0,Analyst Programmer,390.0,97,8,271,14
952,3.0,GIS Technical Architect,391.0,183,16,185,7
953,2.0,Developer IV,476.0,203,39,223,11
954,1.0,Business Systems Development Analyst,474.0,178,38,246,12
955,0.0,Accounting Assistant III,221.0,90,41,77,13
956,4.0,Geologist I,414.0,104,39,253,18
957,1.0,Physical Therapy Assistant,308.0,75,40,173,20
958,0.0,Social Worker,313.0,92,50,153,18
959,2.0,Automation Specialist IV,372.0,227,10,123,12
960,1.0,Paralegal,350.0,103,35,200,12
961,3.0,Teacher,253.0,92,12,131,18
962,1.0,Software Engineer I,396.0,185,40,152,19
963,0.0,Human Resources Manager,245.0,154,27,47,17
964,1.0,Computer Systems Analyst III,382.0,85,8,270,19
965,0.0,Office Assistant II,280.0,184,9,82,5
966,1.0,Compensation Analyst,197.0,23,14,154,6
967,5.0,Statistician II,354.0,223,17,112,2
968,4.0,Nurse Practicioner,381.0,88,20,261,12
969,2.0,Editor,482.0,238,41,193,10
970,1.0,Analyst Programmer,390.0,112,48,217,13
971,3.0,Accounting Assistant II,253.0,43,27,166,17
972,2.0,Structural Engineer,153.0,56,34,55,8
973,3.0,Project Manager,277.0,206,17,47,7
974,4.0,Paralegal,385.0,144,14,218,9
975,2.0,VP Quality Control,325.0,134,18,168,5
976,4.0,Senior Financial Analyst,254.0,80,28,130,16
977,4.0,Actuary,361.0,101,7,249,4
978,1.0,Chief Design Engineer,504.0,248,29,216,11
979,4.0,Senior Editor,175.0,74,43,49,9
980,0.0,Research Associate,389.0,216,20,137,16
981,5.0,Librarian,411.0,181,50,170,10
982,4.0,Executive Secretary,476.0,221,34,216,5
983,4.0,Librarian,151.0,22,15,103,11
984,5.0,Senior Cost Accountant,209.0,98,13,95,3
985,0.0,Help Desk Technician,438.0,221,9,191,17
986,1.0,Mechanical Systems Engineer,409.0,204,50,150,5
987,2.0,Senior Financial Analyst,298.0,196,44,48,10
988,2.0,Database Administrator IV,268.0,91,26,147,4
989,5.0,VP Product Management,405.0,219,5,163,18
990,2.0,Social Worker,360.0,23,23,296,18
991,4.0,Statistician IV,458.0,160,21,258,19
992,2.0,Chemical Engineer,312.0,186,32,78,16
993,0.0,Research Associate,405.0,214,31,149,11
994,2.0,Structural Analysis Engineer,441.0,132,10,282,17
995,0.0,General Manager,183.0,29,42,110,2
996,5.0,Health Coach IV,202.0,69,44,87,2
997,0.0,Geological Engineer,432.0,233,8,189,2
998,1.0,Chemical Engineer,364.0,105,28,214,17
999,5.0,Tax Accountant,284.0,125,47,99,13
1000,4.0,Design Engineer,252.0,105,15,129,3
